t,X,Y,ZY,Z
,-0.340789795,-0.989425659,-0.113311768
,-0.30279541,-0.932327271,-0.083358765
,0.677810669,-1.024078369,-0.414382935
,0.494369507,-0.869567871,-0.062866211
,-0.345031738,-0.443649292,-0.078918457
,0.147659302,-1.565063477,-0.71472168
,0.234191895,-0.999633789,-0.407058716
