z,X,Y,ZY,Z
,-0.32699585,-1.02746582,-0.136169434
,-0.462249756,-0.535644531,0.384384155
,1.043334961,-0.93572998,-0.100799561
,-0.045852661,-0.768234253,-0.211654663
,-0.521057129,-1.157043457,-0.346984863
,-0.365463257,-0.959365845,-0.468490601
,0.577636719,-0.919433594,-0.247665405
