s,X,Y,ZY,Z
,0.548751831,-1.428497314,-0.171035767
,0.292373657,-0.585235596,-0.130203247
,-0.543518066,-0.517501831,0.031112671
,-0.722259521,-1.110610962,-0.550003052
,0.6068573,-0.746124268,-0.165664673
,0.494979858,-0.897659302,-0.530548096
,-0.246078491,-1.190826416,-0.787445068
