v,X,Y,ZY,Z
,-0.148895264,-0.565567017,0.02645874
,-0.16104126,-0.767745972,0.090667725
,0.325531006,-1.714797974,-0.491348267
,0.362121582,-0.879562378,-0.173629761
,0.244567871,-0.789810181,-0.017333984
