w,X,Y,ZY,Z
,-0.018508911,-0.500488281,-0.079681396
,0.059631348,-1.234573364,-0.131530762
,-0.070953369,-1.712463379,-1.138076782
,-0.194030762,-0.280410767,-0.123275757
,0.182266235,-0.168014526,-0.076858521
,-0.0184021,-0.832305908,0.031646729
,0.069381714,-1.822097778,-1.423751831
,0.166748047,-0.783111572,-0.376922607
,0.120117188,-0.703826904,0.074920654
